Date,Open,High,Low,Close,Volume,Market Cap
28-09-2019,0.85418,0.867912,0.843578,0.850945,11106574,85094460
27-09-2019,0.832644,0.857013,0.816849,0.854341,12545777,85434091
26-09-2019,0.863165,0.912489,0.790631,0.832843,13631359,83284287
25-09-2019,0.840007,0.891468,0.814208,0.863419,16286981,86341888
24-09-2019,1.01,1.04,0.829688,0.839817,17960342,83981662
23-09-2019,1.1,1.21,1.0,1.01,34054992,100584594
22-09-2019,1.02,1.1,0.981833,1.1,19140154,109778859
21-09-2019,1.05,1.06,1.02,1.03,11528970,102917016
20-09-2019,1.08,1.08,1.03,1.05,12283672,104868186
19-09-2019,1.15,1.15,1.06,1.08,13079460,107719334
18-09-2019,1.1,1.19,1.1,1.15,15833801,115123130
17-09-2019,1.06,1.11,1.05,1.1,11922865,110396063
16-09-2019,1.08,1.1,1.04,1.06,10858084,105986395
15-09-2019,1.03,1.09,1.03,1.08,8370749,107673104
14-09-2019,1.04,1.04,1.01,1.03,7568569,102947848
13-09-2019,1.03,1.05,1.01,1.04,8362414,103712777
12-09-2019,1.03,1.05,1.02,1.03,12401277,103252358
11-09-2019,1.04,1.05,1.02,1.03,8088625,102976965
10-09-2019,1.07,1.09,1.03,1.04,8783495,104303201
09-09-2019,1.07,1.12,1.04,1.07,10428764,107132080
08-09-2019,1.08,1.09,1.06,1.07,6959643,106513635
07-09-2019,1.05,1.09,1.05,1.08,8060628,107796494
06-09-2019,1.12,1.13,1.05,1.05,8452165,104881013
05-09-2019,1.13,1.15,1.1,1.12,9999465,112002903
04-09-2019,1.15,1.16,1.11,1.13,9476856,113087466
03-09-2019,1.15,1.17,1.13,1.15,11907801,115202292
02-09-2019,1.12,1.16,1.1,1.15,9763244,115401844
01-09-2019,1.11,1.12,1.08,1.12,7635752,111861896
31-08-2019,1.12,1.14,1.08,1.11,8863325,110914531
30-08-2019,1.12,1.14,1.11,1.12,7948837,111875703
29-08-2019,1.17,1.17,1.11,1.12,10345706,112378503
28-08-2019,1.24,1.25,1.15,1.17,12062381,117194482
27-08-2019,1.26,1.28,1.22,1.24,9559723,123814602
26-08-2019,1.26,1.32,1.26,1.26,11566041,126375726
25-08-2019,1.3,1.33,1.25,1.26,13107548,125787566
24-08-2019,1.3,1.36,1.27,1.3,17267252,130480406
23-08-2019,1.28,1.34,1.25,1.31,16791817,130502742
22-08-2019,1.22,1.31,1.17,1.29,19033013,128551063
21-08-2019,1.24,1.24,1.18,1.22,14746403,121732561
20-08-2019,1.27,1.28,1.24,1.24,12883194,124221654
19-08-2019,1.26,1.28,1.24,1.27,12458943,126551962
18-08-2019,1.2,1.27,1.2,1.26,10436495,125832463
17-08-2019,1.2,1.23,1.19,1.2,8284859,120265009
16-08-2019,1.21,1.22,1.17,1.2,11939136,120163264
15-08-2019,1.21,1.22,1.15,1.21,12304089,121403947
14-08-2019,1.29,1.3,1.2,1.21,14751718,120554480
13-08-2019,1.31,1.31,1.28,1.29,10086356,128558642
12-08-2019,1.32,1.34,1.29,1.31,11658619,131367378
11-08-2019,1.31,1.36,1.31,1.32,9607872,132156350
10-08-2019,1.28,1.32,1.28,1.31,8257821,130961581
09-08-2019,1.33,1.34,1.28,1.29,11349078,128512168
08-08-2019,1.36,1.38,1.31,1.33,12729793,133463610
07-08-2019,1.35,1.37,1.32,1.36,13115569,135840696
06-08-2019,1.42,1.43,1.34,1.35,14144120,135357831
05-08-2019,1.37,1.44,1.36,1.42,16189072,141678133
04-08-2019,1.37,1.38,1.33,1.37,9668053,136556771
03-08-2019,1.35,1.39,1.35,1.37,7847440,136965234
02-08-2019,1.37,1.38,1.35,1.35,9994829,135449260
01-08-2019,1.38,1.39,1.35,1.37,7716451,136737196
31-07-2019,1.37,1.41,1.37,1.38,7985384,137863402
30-07-2019,1.38,1.38,1.36,1.37,7983911,136981797
29-07-2019,1.36,1.44,1.35,1.38,10945216,138103614
28-07-2019,1.35,1.36,1.31,1.36,5733092,135729877
27-07-2019,1.43,1.45,1.34,1.36,7424273,135572936
26-07-2019,1.41,1.43,1.38,1.43,8792915,142850916
25-07-2019,1.38,1.42,1.37,1.41,9175761,140854314
24-07-2019,1.37,1.39,1.31,1.38,11753142,137831148
23-07-2019,1.43,1.44,1.33,1.37,13403405,137153465
22-07-2019,1.46,1.47,1.41,1.43,18148075,143160432
21-07-2019,1.5,1.5,1.43,1.46,18296283,146278477
20-07-2019,1.47,1.54,1.45,1.5,22435840,149671834
19-07-2019,1.5,1.5,1.43,1.46,21630785,146350693
18-07-2019,1.4,1.53,1.38,1.5,30715078,149937681
17-07-2019,1.45,1.46,1.35,1.4,24494325,140277443
16-07-2019,1.51,1.64,1.45,1.45,40938980,145489507
15-07-2019,1.48,1.57,1.38,1.51,31012067,150580786
14-07-2019,1.55,1.71,1.47,1.48,17227037,147824118
13-07-2019,1.63,1.65,1.51,1.55,10607923,155011336
12-07-2019,1.5,1.75,1.48,1.63,18634482,163394592
11-07-2019,1.72,1.72,1.49,1.5,15292150,149550172
10-07-2019,1.83,1.85,1.68,1.72,20377855,172451662
09-07-2019,1.9,1.9,1.81,1.83,23236019,183440179
08-07-2019,2.06,2.06,1.88,1.9,39227875,189646091
07-07-2019,1.94,2.27,1.92,2.05,60353119,205369922
06-07-2019,1.78,2.18,1.78,1.93,43768600,192739147
05-07-2019,1.83,1.85,1.77,1.78,11898380,178411391
04-07-2019,1.95,1.95,1.82,1.83,12712656,182663535
03-07-2019,1.83,1.95,1.81,1.95,17588285,195087896
02-07-2019,1.88,1.91,1.72,1.83,17893708,182870093
01-07-2019,1.83,1.95,1.8,1.88,16147074,188126277
30-06-2019,1.97,1.98,1.83,1.83,14711886,182663477
29-06-2019,2.01,2.01,1.87,1.97,16047933,197042854
28-06-2019,1.84,2.01,1.83,2.01,18953618,201171608
27-06-2019,2.17,2.18,1.83,1.84,26432081,184053512
26-06-2019,2.31,2.36,2.12,2.17,37124616,216851881
25-06-2019,2.36,2.39,2.28,2.31,21157612,231284066
24-06-2019,2.35,2.4,2.31,2.36,15915957,235749010
23-06-2019,2.4,2.44,2.34,2.35,17636064,235152735
22-06-2019,2.35,2.5,2.31,2.4,25640261,240293635
21-06-2019,2.37,2.43,2.33,2.35,19983384,234561902
20-06-2019,2.43,2.44,2.33,2.37,17320676,236835855
19-06-2019,2.39,2.43,2.37,2.43,14486750,242944647
18-06-2019,2.44,2.45,2.36,2.39,26901981,238649823
17-06-2019,2.43,2.51,2.42,2.45,33471374,244585619
16-06-2019,2.42,2.56,2.35,2.43,50641982,243177034
15-06-2019,2.39,2.43,2.36,2.42,38561699,242164224
14-06-2019,2.48,2.5,2.28,2.39,40607201,238663492
13-06-2019,2.44,2.51,2.43,2.48,35774553,248101888
12-06-2019,2.38,2.46,2.36,2.44,33721954,244313293
11-06-2019,2.38,2.41,2.34,2.38,36423226,238098063
10-06-2019,2.29,2.38,2.26,2.38,30703948,237721304
09-06-2019,2.39,2.43,2.27,2.29,29687581,229412191
08-06-2019,2.38,2.42,2.34,2.39,24967525,238547056
07-06-2019,2.31,2.42,2.3,2.38,35325852,237698362
06-06-2019,2.31,2.36,2.23,2.32,29921420,231545834
05-06-2019,2.31,2.37,2.28,2.31,31684383,231073080
04-06-2019,2.43,2.43,2.25,2.31,47248608,230566170
03-06-2019,2.66,2.66,2.43,2.43,43083519,243396717
02-06-2019,2.61,2.68,2.59,2.65,40785298,265441722
01-06-2019,2.64,2.67,2.59,2.61,31936202,261090051
31-05-2019,2.55,2.64,2.51,2.64,40779973,264136055
30-05-2019,2.69,2.74,2.5,2.55,52731318,254644788
29-05-2019,2.75,2.76,2.66,2.69,37771171,268665258
28-05-2019,2.73,2.86,2.71,2.75,39324078,274907044
27-05-2019,2.72,2.77,2.69,2.73,39684615,273190023
26-05-2019,2.73,2.76,2.62,2.72,40802282,271610657
25-05-2019,2.69,2.77,2.64,2.73,44286462,273277879
24-05-2019,3.1,3.37,2.69,2.69,90684932,268988601
23-05-2019,2.37,3.11,2.32,3.1,74731433,310079349
22-05-2019,2.48,2.53,2.33,2.37,39851448,236954155
21-05-2019,2.45,2.54,2.39,2.48,38089395,247590144
20-05-2019,2.55,2.55,2.35,2.46,31179913,245597906
19-05-2019,2.39,2.58,2.38,2.55,32445931,254890220
18-05-2019,2.4,2.42,2.3,2.38,24426872,238405660
17-05-2019,2.52,2.54,2.2,2.4,26976336,239650077
16-05-2019,2.59,2.74,2.46,2.52,40314092,252419185
15-05-2019,2.37,2.7,2.36,2.59,44099032,259335576
14-05-2019,2.36,2.43,2.29,2.37,21949315,236700637
13-05-2019,2.41,2.51,2.32,2.35,31779628,235359898
12-05-2019,2.46,2.55,2.32,2.41,28818692,240955682
11-05-2019,2.25,2.51,2.25,2.47,64733226,246658858
10-05-2019,2.33,2.35,2.21,2.25,25377777,225337657
09-05-2019,2.2,2.39,2.13,2.33,35346837,232943695
08-05-2019,2.11,2.24,2.05,2.2,31877815,220170586
07-05-2019,2.15,2.46,2.11,2.13,41140473,212579746
06-05-2019,2.08,2.2,2.05,2.15,26676446,214616879
05-05-2019,2.16,2.16,2.06,2.08,10528447,208383680
04-05-2019,2.2,2.24,2.11,2.16,10597941,215564291
03-05-2019,2.17,2.24,2.15,2.2,15356820,220336704
02-05-2019,2.17,2.19,2.14,2.17,15093848,216757273
01-05-2019,2.25,2.27,2.15,2.17,10330073,216825506
30-04-2019,2.0,2.29,1.99,2.25,17274786,225067649
29-04-2019,2.1,2.13,1.97,2.0,11742873,199948541
28-04-2019,2.17,2.19,2.09,2.1,10409323,210330139
27-04-2019,2.2,2.22,2.13,2.17,11548171,216930229
26-04-2019,2.22,2.24,2.16,2.2,12082629,220113783
25-04-2019,2.4,2.45,2.2,2.22,11182836,221862453
24-04-2019,2.62,2.65,2.35,2.4,13530784,239682739
23-04-2019,2.63,2.69,2.61,2.62,16807930,262175351
22-04-2019,2.61,2.65,2.56,2.63,17231570,263411963
21-04-2019,2.67,2.68,2.56,2.61,20218172,260802871
20-04-2019,2.68,2.7,2.64,2.67,14304609,266629593
19-04-2019,2.71,2.71,2.66,2.68,13579483,267783192
18-04-2019,2.67,2.74,2.67,2.71,13579387,271283038
17-04-2019,2.69,2.71,2.64,2.67,14464670,267280853
16-04-2019,2.63,2.71,2.61,2.69,12397934,269038768
15-04-2019,2.78,2.82,2.61,2.63,16042330,262875379
14-04-2019,2.67,2.81,2.63,2.78,15277469,278101009
13-04-2019,2.66,2.7,2.62,2.67,11509757,266776156
12-04-2019,2.66,2.9,2.54,2.67,34029070,266669986
11-04-2019,2.79,3.08,2.51,2.65,71821693,265291178
10-04-2019,2.81,2.96,2.76,2.79,30332391,278710220
09-04-2019,2.88,2.98,2.66,2.82,46408539,281523326
08-04-2019,2.97,3.02,2.88,2.89,20787941,288911978
07-04-2019,2.99,3.16,2.94,2.97,19284171,297116666
06-04-2019,2.9,3.0,2.88,2.99,13812131,298767668
05-04-2019,2.8,2.92,2.8,2.9,11731630,290223385
04-04-2019,2.9,2.93,2.76,2.8,12009639,279768953
03-04-2019,3.09,3.18,2.86,2.89,19500194,289474103
02-04-2019,2.89,3.11,2.89,3.09,25124077,308911184
01-04-2019,2.79,2.91,2.78,2.89,13674082,288638978
31-03-2019,2.79,2.82,2.76,2.79,12244900,278810013
30-03-2019,2.82,2.94,2.75,2.79,12018260,278792060
29-03-2019,2.84,2.87,2.76,2.82,13402666,282154741
28-03-2019,2.78,2.86,2.76,2.84,10366513,284168679
27-03-2019,2.71,2.8,2.7,2.78,9616242,278228883
26-03-2019,2.7,2.73,2.66,2.71,11211854,270927454
25-03-2019,2.76,2.78,2.68,2.71,7986305,271252378
24-03-2019,2.8,2.8,2.75,2.76,6684865,276246659
23-03-2019,2.78,2.81,2.77,2.8,6052883,280041065
22-03-2019,2.75,2.79,2.74,2.77,7549928,277200600
21-03-2019,2.82,2.88,2.74,2.75,12695287,274618901
20-03-2019,2.78,2.86,2.73,2.82,12953839,282090663
19-03-2019,2.77,2.79,2.75,2.78,9283690,277738339
18-03-2019,2.76,2.8,2.73,2.76,8927919,276409209
17-03-2019,2.81,2.82,2.75,2.76,10785649,275990673
16-03-2019,2.8,2.83,2.77,2.81,12150603,281277486
15-03-2019,2.75,2.84,2.72,2.79,14874930,279482351
14-03-2019,2.71,2.77,2.7,2.75,17062424,274556509
13-03-2019,2.81,2.85,2.69,2.71,17059925,271245740
12-03-2019,2.66,2.8,2.63,2.79,13167001,279444923
11-03-2019,2.76,2.8,2.64,2.66,9823091,265872423
10-03-2019,2.75,2.81,2.7,2.75,13423308,275455272
09-03-2019,2.68,2.8,2.66,2.77,18506463,276666781
08-03-2019,2.6,2.82,2.56,2.67,22440247,267067032
07-03-2019,2.59,2.63,2.56,2.6,10889838,260402856
06-03-2019,2.66,2.68,2.57,2.59,10637366,258900261
05-03-2019,2.62,2.68,2.56,2.66,12707936,266393616
04-03-2019,2.66,2.69,2.56,2.62,15448910,262352545
03-03-2019,2.68,2.69,2.65,2.67,8944567,266850834
02-03-2019,2.7,2.73,2.67,2.68,11882420,268120448
01-03-2019,2.67,2.76,2.66,2.71,14110188,270731425
28-02-2019,2.68,2.74,2.65,2.67,17122119,266840116
27-02-2019,2.68,2.72,2.62,2.68,12646994,267576599
26-02-2019,2.71,2.71,2.66,2.68,8621190,268045262
25-02-2019,2.68,2.74,2.66,2.72,12436207,271554120
24-02-2019,2.91,2.94,2.65,2.68,15522367,268014336
23-02-2019,2.92,2.93,2.81,2.91,12724681,290934748
22-02-2019,2.85,2.92,2.84,2.92,14610269,292198388
21-02-2019,2.81,2.86,2.76,2.85,20603393,285219708
20-02-2019,2.8,2.83,2.77,2.81,11907010,280817361
19-02-2019,2.75,2.93,2.74,2.81,21888111,280590711
18-02-2019,2.62,2.8,2.61,2.75,16406242,274615798
17-02-2019,2.62,2.64,2.58,2.62,11476779,261816699
16-02-2019,2.67,2.68,2.62,2.62,8729043,262089658
15-02-2019,2.66,2.7,2.66,2.67,8507962,266749498
14-02-2019,2.75,2.76,2.66,2.66,9811327,266297644
13-02-2019,2.86,2.86,2.75,2.75,11806421,275170677
12-02-2019,2.87,2.91,2.74,2.85,22185782,285105763
11-02-2019,2.73,2.89,2.65,2.87,22215354,287170515
10-02-2019,2.6,2.74,2.59,2.72,21019191,272423327
09-02-2019,2.66,2.66,2.57,2.6,14827125,260153433
08-02-2019,2.5,2.67,2.48,2.65,19771103,264956620
07-02-2019,2.51,2.6,2.49,2.5,15360419,250033114
06-02-2019,2.66,2.66,2.51,2.51,13535405,250876227
05-02-2019,2.72,2.78,2.64,2.66,17756141,266251794
04-02-2019,2.82,2.84,2.71,2.72,18231233,272230580
03-02-2019,2.72,2.88,2.71,2.82,23050834,281634096
02-02-2019,2.73,2.74,2.71,2.72,8901578,272119726
01-02-2019,2.79,2.79,2.68,2.73,9983975,273246037
31-01-2019,2.89,2.91,2.78,2.8,13912694,279507838
30-01-2019,2.97,3.06,2.78,2.89,36132989,289318779
29-01-2019,2.91,3.02,2.8,2.96,35586250,296095868
28-01-2019,2.71,2.92,2.52,2.89,30872060,288711031
27-01-2019,2.71,2.93,2.64,2.7,31886645,269951442
26-01-2019,2.8,2.82,2.69,2.7,13128785,270449804
25-01-2019,2.75,2.93,2.73,2.81,31324116,281077805
24-01-2019,3.05,3.09,2.72,2.75,41182271,274615973
23-01-2019,2.79,3.19,2.74,3.05,69909033,305181910
22-01-2019,2.54,2.82,2.47,2.79,23594560,278576803
21-01-2019,2.54,2.56,2.5,2.54,9053180,253699883
20-01-2019,2.6,2.64,2.5,2.54,9885648,254092959
19-01-2019,2.56,2.67,2.54,2.6,10639690,260332857
18-01-2019,2.62,2.63,2.53,2.55,13659258,255251678
17-01-2019,2.6,2.66,2.57,2.62,19423848,261640112
16-01-2019,2.6,2.71,2.56,2.6,14102644,259532432
15-01-2019,2.74,2.74,2.59,2.6,16600031,259940316
14-01-2019,2.68,2.82,2.63,2.75,33323810,274597636
13-01-2019,2.6,2.67,2.49,2.67,17509923,266951497
12-01-2019,2.59,2.66,2.55,2.6,8891122,259551884
11-01-2019,2.61,2.7,2.57,2.6,11321681,259589751
10-01-2019,2.87,2.88,2.59,2.62,21314704,261775074
09-01-2019,2.89,2.96,2.85,2.86,13767604,286408182
08-01-2019,2.95,3.07,2.87,2.89,15761841,288740924
07-01-2019,3.21,3.21,2.93,2.95,15409171,295198715
06-01-2019,3.08,3.24,3.04,3.21,12685025,321019720
05-01-2019,3.08,3.13,3.04,3.07,11661695,307353576
04-01-2019,3.11,3.12,3.02,3.09,12094372,308681937
03-01-2019,3.15,3.18,3.08,3.1,10588626,310390043
02-01-2019,3.18,3.19,3.08,3.15,14176192,315316390
01-01-2019,3.26,3.27,3.05,3.16,17751534,316252391
31-12-2018,3.1,3.34,2.99,3.23,21489862,322688482
30-12-2018,3.05,3.16,3.0,3.09,10808232,309381633
29-12-2018,3.27,3.28,3.05,3.05,11224855,305198611
28-12-2018,3.05,3.28,2.99,3.26,15155621,326327860
27-12-2018,3.28,3.32,3.04,3.05,15730608,304879716
26-12-2018,3.34,3.47,3.17,3.28,26629242,327696455
25-12-2018,3.72,3.72,3.18,3.35,33534700,334688158
24-12-2018,3.77,4.03,3.58,3.73,42907700,372671278
23-12-2018,3.86,4.1,3.65,3.76,53378646,376324397
22-12-2018,3.25,4.08,3.13,3.92,84265834,391626969
21-12-2018,4.19,4.19,3.16,3.25,45208768,325089174
20-12-2018,3.74,4.51,3.64,4.19,139958633,418561417
19-12-2018,3.49,4.57,3.4,3.87,118216512,386705648
18-12-2018,2.57,3.65,2.52,3.47,77425528,347342564
17-12-2018,2.43,2.64,2.37,2.57,24743333,257100691
16-12-2018,2.43,2.56,2.28,2.43,29908881,242979579
15-12-2018,2.33,2.54,2.31,2.45,31121529,245447647
14-12-2018,2.12,2.5,2.09,2.33,39252386,232531510
13-12-2018,1.99,2.34,1.84,2.09,35026459,209091290
12-12-2018,1.65,2.0,1.65,1.99,17138334,199238741
11-12-2018,1.57,1.67,1.53,1.66,5045677,165843447
10-12-2018,1.69,1.69,1.54,1.57,4123543,157157178
09-12-2018,1.57,1.71,1.54,1.7,9027674,169571865
08-12-2018,1.51,1.6,1.46,1.58,5357524,157942696
07-12-2018,1.5,1.51,1.37,1.5,6509154,150272558
06-12-2018,1.83,1.9,1.49,1.49,9763196,149364546
05-12-2018,2.18,2.24,1.84,1.84,29357165,183679344
04-12-2018,1.48,2.34,1.47,2.17,61068743,216559669
03-12-2018,1.58,1.62,1.4,1.48,11208827,147595736
02-12-2018,1.4,1.61,1.38,1.58,12830836,157592921
01-12-2018,1.22,1.41,1.21,1.4,8968716,140435946
30-11-2018,1.2,1.23,1.12,1.21,6119033,121115902
29-11-2018,1.15,1.22,1.11,1.2,4737887,119673417
28-11-2018,1.0,1.19,1.0,1.15,5416170,114874000
27-11-2018,0.9851,1.01,0.951922,0.999947,2692660,99994700
26-11-2018,1.04,1.08,0.945813,0.985389,3336280,98538900
25-11-2018,0.991706,1.07,0.918405,1.04,3879810,104436000
24-11-2018,1.1,1.12,0.963615,0.992579,2638930,99257900
23-11-2018,1.1,1.13,1.07,1.1,3961920,110369000
22-11-2018,1.15,1.16,1.11,1.11,3731090,110834000
21-11-2018,1.07,1.18,1.04,1.16,3733990,115532000
20-11-2018,1.28,1.33,1.05,1.07,6182380,107351000
19-11-2018,1.52,1.59,1.28,1.29,9561620,128556000
18-11-2018,1.5,1.53,1.49,1.52,3374240,152217000
17-11-2018,1.5,1.5,1.48,1.49,5479690,149170000
16-11-2018,1.52,1.52,1.47,1.49,4387120,149414000
15-11-2018,1.51,1.53,1.43,1.52,4515360,151636000
14-11-2018,1.71,1.71,1.45,1.5,5488710,150324000
13-11-2018,1.73,1.75,1.71,1.72,4073700,171661000
12-11-2018,1.74,1.74,1.72,1.74,4773620,173613000
11-11-2018,1.76,1.8,1.71,1.73,4139880,172718000
10-11-2018,1.76,1.78,1.75,1.76,3344670,176275000
09-11-2018,1.82,1.83,1.75,1.76,3821640,175783000
08-11-2018,1.83,1.85,1.82,1.82,4520230,182063000
07-11-2018,1.84,1.86,1.82,1.83,4760070,183399000
06-11-2018,1.82,1.84,1.79,1.84,5065320,183585000
05-11-2018,1.82,1.84,1.8,1.81,5095370,181377000
04-11-2018,1.86,1.87,1.79,1.82,4184830,182138000
03-11-2018,1.85,1.86,1.84,1.86,4234550,186020000
02-11-2018,1.85,1.88,1.85,1.85,4998820,185264000
01-11-2018,1.81,1.92,1.81,1.85,6467550,185122000
31-10-2018,1.77,1.81,1.76,1.81,6702810,181378000
30-10-2018,1.79,1.8,1.75,1.76,5319870,176220000
29-10-2018,1.89,1.9,1.76,1.78,6265960,178288000
28-10-2018,1.91,1.93,1.88,1.9,4978870,189698000
27-10-2018,1.91,1.94,1.89,1.9,4990250,190093000
26-10-2018,1.94,1.95,1.89,1.91,6261370,191214000
25-10-2018,1.96,1.97,1.93,1.95,5823140,194599000
24-10-2018,1.96,2.04,1.95,1.96,8344590,196294000
23-10-2018,1.94,2.07,1.93,1.97,8374640,197170000
22-10-2018,1.98,1.98,1.94,1.94,5408590,194331000
21-10-2018,1.96,2.02,1.95,1.98,7447430,197686000
20-10-2018,1.94,1.98,1.94,1.96,5905280,196000000
19-10-2018,1.99,2.01,1.91,1.94,5348150,194292000
18-10-2018,2.03,2.04,1.97,1.99,6483520,198922000
17-10-2018,2.02,2.04,2.0,2.03,6972010,202715000
16-10-2018,2.01,2.06,1.99,2.01,6364950,200615000
15-10-2018,1.89,2.11,1.88,2.01,7021190,200802000
14-10-2018,1.89,1.94,1.88,1.89,4084220,188654000
13-10-2018,1.88,1.91,1.88,1.89,3346790,189131000
12-10-2018,1.87,1.92,1.86,1.88,5017790,187899000
11-10-2018,2.12,2.12,1.85,1.87,8808830,187196000
10-10-2018,2.13,2.14,2.08,2.12,7758380,212403000
09-10-2018,2.16,2.22,2.12,2.13,12126800,212865000
08-10-2018,2.13,2.25,2.09,2.14,6329040,214381000
07-10-2018,2.13,2.13,2.09,2.12,4451390,212038000
06-10-2018,2.2,2.22,2.11,2.12,7078420,212498000
05-10-2018,2.15,2.21,2.11,2.2,7130810,219801000
04-10-2018,2.14,2.17,2.13,2.14,4940890,214249000
03-10-2018,2.13,2.16,2.06,2.14,7051150,213857000
02-10-2018,2.15,2.17,2.12,2.12,4353180,212465000
01-10-2018,2.2,2.21,2.13,2.15,6515430,215122000
30-09-2018,2.21,2.22,2.19,2.2,4126900,220107000
29-09-2018,2.21,2.22,2.14,2.22,4177000,221947000
28-09-2018,2.3,2.31,2.18,2.21,7152760,221362000
27-09-2018,2.37,2.37,2.22,2.31,10826800,230565000
26-09-2018,2.16,2.49,2.12,2.35,17278800,235289000
25-09-2018,2.22,2.22,2.06,2.17,6502840,216737000
24-09-2018,2.28,2.29,2.17,2.22,7921500,222222000
23-09-2018,2.13,2.47,2.13,2.28,18005700,228276000
22-09-2018,2.24,2.26,2.1,2.14,6440330,213676000
21-09-2018,2.23,2.3,2.19,2.24,14374600,224412000
20-09-2018,2.28,2.38,2.19,2.24,17634800,223674000
19-09-2018,2.16,2.41,2.15,2.27,14680600,226833000
18-09-2018,2.1,2.2,2.09,2.15,2627130,215464000
17-09-2018,2.25,2.27,2.08,2.1,2306610,210216000
16-09-2018,2.31,2.31,2.2,2.25,2088120,224642000
15-09-2018,2.29,2.34,2.26,2.3,2972100,230313000
14-09-2018,2.46,2.46,2.23,2.29,8482650,229221000
13-09-2018,2.24,2.54,2.24,2.44,16952500,244437000
12-09-2018,2.22,2.29,2.05,2.24,9690340,223966000
11-09-2018,2.32,2.61,2.16,2.22,17277700,222201000
10-09-2018,1.87,2.56,1.84,2.33,24734100,233033000
09-09-2018,1.94,1.98,1.86,1.87,4012510,187050000
08-09-2018,1.89,2.02,1.88,1.94,4906060,194199000
07-09-2018,1.98,2.0,1.88,1.88,4811480,188298000
06-09-2018,2.0,2.0,1.88,1.98,2827340,197951000
05-09-2018,2.3,2.32,2.0,2.0,3111260,200209000
04-09-2018,2.23,2.31,2.22,2.3,5207530,230055000
03-09-2018,2.13,2.27,2.08,2.23,3960510,222690000
02-09-2018,2.22,2.24,2.1,2.12,3322720,212272000
01-09-2018,2.14,2.24,2.1,2.22,3682020,221903000
31-08-2018,2.08,2.15,2.06,2.14,4609450,214262000
30-08-2018,2.18,2.19,2.0,2.08,4123340,207742000
29-08-2018,2.27,2.31,2.17,2.18,4047970,218289000
28-08-2018,2.25,2.29,2.22,2.27,3538880,226679000
27-08-2018,2.22,2.25,2.19,2.25,2686800,225234000
26-08-2018,2.35,2.35,2.21,2.23,2718070,222504000
25-08-2018,2.33,2.38,2.33,2.35,2680160,234818000
24-08-2018,2.23,2.34,2.21,2.33,2707400,233297000
23-08-2018,2.05,2.24,2.05,2.23,3023120,222808000
22-08-2018,2.15,2.26,2.03,2.06,4456740,205572000
21-08-2018,2.07,2.16,2.07,2.15,3416780,214890000
20-08-2018,2.16,2.18,2.07,2.07,2726180,207150000
19-08-2018,2.1,2.21,2.08,2.16,2950140,216404000
18-08-2018,2.15,2.17,2.05,2.1,3680330,210488000
17-08-2018,1.96,2.15,1.96,2.15,4178410,215204000
16-08-2018,1.95,2.0,1.93,1.96,3398700,196047000
15-08-2018,1.86,2.06,1.86,1.95,4133930,195076000
14-08-2018,2.0,2.0,1.79,1.86,5098890,185734000
13-08-2018,2.07,2.31,1.99,2.0,14084200,200016000
12-08-2018,1.82,2.1,1.8,2.06,14883600,206467000
11-08-2018,1.75,1.86,1.72,1.82,8951110,182338000
10-08-2018,1.78,1.84,1.73,1.76,7980710,175625000
09-08-2018,1.68,1.81,1.66,1.78,4029810,178135000
08-08-2018,1.76,1.76,1.64,1.68,5172200,167625000
07-08-2018,1.84,1.89,1.75,1.76,5663310,176397000
06-08-2018,1.87,1.9,1.81,1.83,3375840,183380000
05-08-2018,1.82,1.87,1.79,1.87,3437270,186750000
04-08-2018,1.86,1.9,1.74,1.82,4921980,181910000
03-08-2018,1.88,1.91,1.77,1.85,8055990,184809000
02-08-2018,2.27,2.31,1.79,1.89,14925900,188692000
01-08-2018,2.37,2.39,2.23,2.26,6048860,226398000
31-07-2018,2.57,2.57,2.33,2.37,8515840,237468000
30-07-2018,2.66,2.66,2.49,2.57,13146100,257184000
29-07-2018,2.71,2.73,2.63,2.66,12122400,266471000
28-07-2018,2.67,2.69,2.64,2.68,13859200,268306000
27-07-2018,2.64,2.69,2.56,2.66,11130900,266388000
26-07-2018,2.71,2.81,2.61,2.64,11437500,264106000
25-07-2018,2.66,2.76,2.64,2.72,13165000,271648000
24-07-2018,2.71,2.74,2.52,2.69,16611800,269441000
23-07-2018,2.76,2.91,2.71,2.71,14873300,270985000
22-07-2018,2.93,2.96,2.74,2.75,16725400,275471000
21-07-2018,2.87,2.94,2.82,2.93,13783100,293151000
20-07-2018,2.9,3.08,2.78,2.87,17149900,287264000
19-07-2018,3.08,3.08,2.87,2.9,14912200,289952000
18-07-2018,3.11,3.27,3.05,3.08,20361000,307674000
17-07-2018,2.92,3.25,2.83,3.12,16767700,311968000
16-07-2018,2.76,2.93,2.73,2.93,12620400,293105000
15-07-2018,2.75,2.82,2.7,2.76,8995280,275603000
14-07-2018,2.68,2.77,2.67,2.75,10825100,275331000
13-07-2018,2.63,2.69,2.62,2.68,10483400,268375000
12-07-2018,2.73,2.74,2.54,2.62,11593800,262022000
11-07-2018,2.68,2.75,2.64,2.71,11540600,270901000
10-07-2018,2.97,2.99,2.68,2.68,12811600,267866000
09-07-2018,3.02,3.06,2.96,2.96,11281800,295958000
08-07-2018,3.03,3.08,2.99,3.06,11797800,305568000
07-07-2018,2.99,3.04,2.92,3.02,13137700,301674000
06-07-2018,2.95,3.05,2.81,2.97,15700300,297196000
05-07-2018,3.02,3.08,2.88,2.93,13352800,293090000
04-07-2018,3.0,3.09,2.94,2.99,13212500,299396000
03-07-2018,3.11,3.19,2.97,3.01,18132300,300896000
02-07-2018,2.86,3.15,2.86,3.11,19161600,311413000
01-07-2018,2.93,2.99,2.79,2.86,16877300,286405000
30-06-2018,2.59,3.05,2.59,2.92,32676600,292220000
29-06-2018,2.55,2.66,2.43,2.61,16409900,260645000
28-06-2018,2.79,2.81,2.54,2.54,25903200,254380000
27-06-2018,2.59,2.89,2.45,2.81,39263300,280869000
26-06-2018,2.77,2.79,2.58,2.58,17806900,257778000
25-06-2018,2.71,2.82,2.64,2.77,20366700,276831000
24-06-2018,2.93,2.93,2.46,2.71,20921300,271045000
23-06-2018,2.91,2.97,2.85,2.93,22509900,292533000
22-06-2018,3.54,3.55,2.85,2.92,20929600,291844000
21-06-2018,3.7,3.75,3.5,3.54,23635000,353991000
20-06-2018,3.6,3.72,3.4,3.7,25665000,370491000
19-06-2018,3.7,3.72,3.59,3.6,21524600,360027000
18-06-2018,3.39,3.73,3.37,3.66,21505300,366008000
17-06-2018,3.48,3.53,3.39,3.4,16771900,339712000
16-06-2018,3.41,3.49,3.36,3.47,21571600,346846000
15-06-2018,3.58,3.65,3.39,3.42,21531500,341781000
14-06-2018,3.25,3.63,3.16,3.58,28851400,358394000
13-06-2018,3.56,3.81,3.21,3.26,28242000,325887000
12-06-2018,3.89,4.0,3.38,3.55,23858900,355483000
11-06-2018,3.81,3.97,3.7,3.89,20485500,388872000
10-06-2018,4.38,4.38,3.76,3.81,22437400,380779000
09-06-2018,4.62,4.76,4.38,4.38,29148000,438388000
08-06-2018,4.55,4.94,4.55,4.62,42605100,462147000
07-06-2018,4.33,4.54,4.33,4.54,29436400,453505000
06-06-2018,4.33,4.35,4.24,4.32,24931200,431686000
05-06-2018,4.12,4.35,4.03,4.32,26460700,431905000
04-06-2018,4.41,4.42,4.1,4.12,27343200,411800000
03-06-2018,4.31,4.51,4.3,4.38,27913200,438249000
02-06-2018,4.16,4.35,4.12,4.32,25845600,431642000
01-06-2018,4.21,4.24,4.06,4.16,26609800,416227000
31-05-2018,4.02,4.34,3.94,4.21,32115900,420676000
30-05-2018,4.31,4.61,3.97,4.02,29197700,401769000
29-05-2018,3.89,4.31,3.81,4.31,24131500,430678000
28-05-2018,4.22,4.24,3.86,3.89,22225000,389020000
27-05-2018,4.39,4.4,4.21,4.22,20537400,421786000
26-05-2018,4.46,4.57,4.37,4.38,21695600,438472000
25-05-2018,4.77,4.78,4.44,4.47,20935600,447087000
24-05-2018,4.53,4.89,4.39,4.76,23032900,475925000
23-05-2018,5.25,5.27,4.49,4.53,23755200,453168000
22-05-2018,5.78,5.78,5.21,5.24,31049600,524274000
21-05-2018,6.07,6.12,5.75,5.78,30064300,577539000
20-05-2018,5.91,6.16,5.85,6.07,28313700,607135000
19-05-2018,6.05,6.11,5.87,5.9,29222600,590110000
18-05-2018,5.78,6.11,5.64,6.04,30762400,604157000
17-05-2018,6.17,6.26,5.73,5.77,27222400,577118000
16-05-2018,6.14,6.39,5.82,6.15,29288500,614829000
15-05-2018,6.6,6.8,6.1,6.15,32033500,615425000
14-05-2018,6.6,6.8,6.13,6.6,32230800,660185000
13-05-2018,6.25,6.7,6.07,6.57,29907500,657223000
12-05-2018,5.96,6.32,5.84,6.22,27323400,622295000
11-05-2018,6.47,6.47,5.86,5.99,30847200,598502000
10-05-2018,6.69,6.83,6.48,6.48,30911200,647877000
09-05-2018,6.48,6.71,6.07,6.71,31702700,671353000
08-05-2018,6.67,6.83,6.34,6.52,29039900,651699000
07-05-2018,6.95,6.95,6.41,6.66,30819700,665620000
06-05-2018,7.34,7.38,6.79,6.95,29302600,694606000
05-05-2018,7.71,7.73,7.26,7.34,34997800,733966000
04-05-2018,7.83,7.85,7.48,7.72,39694400,771859000
03-05-2018,7.45,7.97,7.22,7.83,46859200,783014000
02-05-2018,6.81,7.52,6.68,7.46,43600200,746437000
01-05-2018,6.72,6.88,6.39,6.82,36221300,682012000
30-04-2018,7.01,7.27,6.53,6.71,52958700,670916000
29-04-2018,6.46,8.55,6.45,7.01,124324000,701147000
28-04-2018,5.47,6.78,5.24,6.45,74545904,644944000
27-04-2018,5.59,5.8,5.49,5.49,27561500,548723000
26-04-2018,5.14,5.59,5.0,5.59,30401600,558654000
25-04-2018,5.95,5.95,5.03,5.09,29605200,509083000
24-04-2018,5.56,5.99,5.55,5.99,36611400,598962000
23-04-2018,5.16,5.58,5.15,5.56,30460200,555964000
22-04-2018,5.15,5.28,5.04,5.18,26916600,517681000
21-04-2018,5.36,5.36,4.93,5.15,28699900,515346000
20-04-2018,5.24,5.43,5.05,5.37,36027400,536930000
19-04-2018,4.97,5.23,4.97,5.23,30285200,523021000
18-04-2018,4.71,4.96,4.7,4.95,29511600,495237000
17-04-2018,4.85,4.87,4.66,4.71,28594800,470563000
16-04-2018,4.91,4.95,4.65,4.82,26720800,482205000
15-04-2018,4.67,4.93,4.67,4.91,26946800,491138000
14-04-2018,4.31,4.71,4.29,4.66,26077800,465661000
13-04-2018,4.17,4.62,4.09,4.31,26641100,430817000
12-04-2018,3.8,4.19,3.67,4.17,21516200,417240000
11-04-2018,3.61,3.83,3.61,3.81,19941700,381247000
10-04-2018,3.48,3.66,3.42,3.61,16422300,361443000
09-04-2018,3.64,3.75,3.4,3.47,15736200,347315000
08-04-2018,3.55,3.66,3.55,3.64,16253800,363884000
07-04-2018,3.4,3.64,3.39,3.55,18526000,354717000
06-04-2018,3.53,3.57,3.36,3.39,14229200,339075000
05-04-2018,3.61,3.64,3.43,3.56,18183800,355594000
04-04-2018,4.06,4.09,3.56,3.61,16433600,360799000
03-04-2018,3.76,4.08,3.67,4.05,25762400,404737000
02-04-2018,3.51,3.89,3.49,3.76,21036900,375779000
01-04-2018,3.63,3.67,3.31,3.49,17474100,349103000
31-03-2018,3.58,3.76,3.58,3.63,16178400,362897000
30-03-2018,3.67,3.79,3.41,3.58,18422800,358207000
29-03-2018,4.26,4.28,3.6,3.69,19824800,368721000
28-03-2018,4.12,4.29,4.09,4.25,20722100,425080000
27-03-2018,4.37,4.38,4.03,4.11,18969500,411352000
26-03-2018,4.73,4.78,4.2,4.39,18962800,438713000
25-03-2018,4.7,4.86,4.58,4.74,20281200,473630000
24-03-2018,4.77,4.97,4.7,4.77,22757700,476672000
23-03-2018,4.82,4.82,4.54,4.7,18434200,470075000
22-03-2018,5.0,5.11,4.66,4.81,20288200,481419000
21-03-2018,5.03,5.2,4.9,5.0,21143800,500325000
20-03-2018,4.85,5.08,4.71,5.02,23723900,502491000
19-03-2018,4.39,4.85,4.39,4.8,19329400,479893000
18-03-2018,4.58,4.58,3.87,4.41,22563500,440814000
17-03-2018,5.01,5.03,4.56,4.61,19627900,460821000
16-03-2018,5.22,5.28,4.86,5.01,21433900,500679000
15-03-2018,4.98,5.37,4.63,5.22,24144400,521832000
14-03-2018,5.55,5.72,4.82,4.98,22462700,498098000
13-03-2018,5.56,5.77,5.4,5.56,22695500,555619000
12-03-2018,5.88,5.99,5.39,5.58,25160400,558341000
11-03-2018,5.52,5.99,5.29,5.9,21654300,589616000
10-03-2018,5.87,6.08,5.51,5.55,18057800,554924000
09-03-2018,5.84,6.01,5.15,5.88,25548400,588052000
08-03-2018,6.2,6.46,5.82,5.87,31160000,587169000
07-03-2018,6.16,6.32,5.56,6.21,27654600,620564000
06-03-2018,6.76,6.76,6.13,6.18,23312400,618480000
05-03-2018,6.86,7.03,6.75,6.75,26863300,674835000
04-03-2018,6.89,6.9,6.6,6.86,22357700,686458000
03-03-2018,6.66,6.95,6.64,6.9,19895900,690370000
02-03-2018,6.63,6.74,6.5,6.68,19421300,667759000
01-03-2018,6.3,6.8,6.14,6.64,23214300,663860000
28-02-2018,6.62,6.88,6.29,6.29,23822800,628802000
27-02-2018,6.71,6.89,6.57,6.59,23597200,658896000
26-02-2018,6.49,6.84,6.36,6.7,21780800,670182000
25-02-2018,6.56,6.64,6.27,6.49,20420000,648607000
24-02-2018,6.75,6.99,6.43,6.56,20271100,656492000
23-02-2018,6.58,6.97,6.35,6.75,24788900,675431000
22-02-2018,7.26,7.56,6.51,6.58,28774100,658021000
21-02-2018,8.02,8.54,7.15,7.27,39877300,727233000
20-02-2018,8.1,8.49,7.94,8.03,46087500,802579000
19-02-2018,7.54,8.15,7.44,8.1,37813100,810233000
18-02-2018,7.84,8.09,7.13,7.54,40081300,753907000
17-02-2018,7.88,7.96,7.63,7.84,34458200,784186000
16-02-2018,8.0,8.36,7.49,7.9,44143700,790043000
15-02-2018,6.42,8.07,6.38,8.07,61670200,807193000
14-02-2018,5.59,6.44,5.58,6.42,20068500,642387000
13-02-2018,5.74,5.76,5.4,5.6,17030400,560434000
12-02-2018,5.49,5.89,5.49,5.72,20167600,572354000
11-02-2018,5.72,5.72,5.01,5.45,21599600,545075000
10-02-2018,6.06,6.32,5.47,5.72,29552400,572398000
09-02-2018,5.6,6.09,5.3,6.04,24332800,604258000
08-02-2018,4.92,6.0,4.92,5.58,31567200,557662000
07-02-2018,5.01,5.66,4.59,4.97,16135000,497153000
06-02-2018,4.54,5.15,3.66,5.06,20248500,505867000
05-02-2018,5.71,5.95,4.36,4.54,22395200,453546000
04-02-2018,6.64,6.75,5.57,5.74,25765100,574141000
03-02-2018,6.21,6.85,5.74,6.63,23023200,662582000
02-02-2018,6.65,6.65,5.35,6.2,26726300,620202000
01-02-2018,7.7,7.79,6.35,6.67,27774000,666533000
31-01-2018,7.63,7.93,7.24,7.68,27535700,767889000
30-01-2018,8.71,8.78,7.52,7.61,29051000,760905000
29-01-2018,9.19,9.3,8.54,8.71,33554900,871282000
28-01-2018,9.17,9.53,9.02,9.2,34527300,919624000
27-01-2018,8.95,9.46,8.86,9.11,39528900,911150000
26-01-2018,9.04,9.36,8.32,8.96,34796200,895609000
25-01-2018,8.92,9.23,8.72,9.06,38346500,906458000
24-01-2018,8.2,8.94,7.97,8.81,45927300,881282000
23-01-2018,8.28,8.57,7.73,8.2,37418900,820344000
22-01-2018,8.38,8.65,7.59,8.3,30657000,830188000
21-01-2018,9.65,9.72,8.06,8.27,36459600,826766000
20-01-2018,8.88,9.82,8.88,9.6,51892200,960053000
19-01-2018,8.51,9.38,8.21,8.78,45279300,878115000
18-01-2018,8.48,10.05,7.95,8.6,35228000,859811000
17-01-2018,8.36,8.83,6.68,8.09,86632304,808734000
16-01-2018,10.83,10.92,7.08,8.39,42325600,839082000
15-01-2018,11.02,11.48,10.7,10.77,47209300,1076990000
14-01-2018,11.85,11.86,10.5,11.09,46611100,1109120000
13-01-2018,11.35,12.15,11.33,11.83,42000200,1182860000
12-01-2018,10.78,11.76,10.46,11.34,43342800,1134080000
11-01-2018,12.65,12.65,9.98,10.71,46240500,1071240000
10-01-2018,13.04,13.04,11.41,12.74,62348700,1274320000
09-01-2018,13.53,14.11,12.55,12.99,62959200,1298860000
08-01-2018,12.85,13.73,11.57,13.63,72190304,1362930000
07-01-2018,12.87,13.53,12.27,12.95,56240800,1294700000
06-01-2018,12.02,13.07,11.44,12.86,59738700,1286380000
05-01-2018,12.45,13.25,11.77,12.06,65668300,1205700000
04-01-2018,13.06,13.1,11.87,12.54,65343400,1253960000
03-01-2018,13.32,13.73,12.55,12.99,53810900,1299450000
02-01-2018,12.54,13.38,12.33,13.35,61136300,1334980000
01-01-2018,12.63,12.7,11.77,12.57,43302300,1257410000
31-12-2017,11.7,12.8,11.54,12.6,50113900,1259660000
30-12-2017,13.64,13.79,10.95,11.81,49173200,1180980000
29-12-2017,12.87,14.03,12.44,13.64,64926900,1364010000
28-12-2017,13.58,13.62,11.73,12.71,48273000,1270990000
27-12-2017,14.32,14.43,13.18,13.58,54343300,1358270000
26-12-2017,14.31,15.15,13.68,14.2,65504500,1419750000
25-12-2017,13.93,14.46,13.13,14.28,65545300,1427720000
24-12-2017,14.47,14.54,12.25,13.81,59222600,1381220000
23-12-2017,12.67,15.79,12.48,14.27,88401104,1427270000
22-12-2017,16.14,16.42,9.82,12.52,71699504,1252060000
21-12-2017,15.29,16.53,14.54,16.03,90875600,1602660000
20-12-2017,16.02,16.26,13.9,15.21,81905696,1520870000
19-12-2017,15.63,18.07,14.51,15.89,114641000,1588720000
18-12-2017,13.63,15.72,13.09,15.61,102357000,1560890000
17-12-2017,13.39,14.16,13.17,13.54,64376200,1353590000
16-12-2017,13.56,13.73,12.81,13.4,69311000,1340200000
15-12-2017,13.55,14.08,11.76,13.09,95357504,1308640000
14-12-2017,13.56,14.02,12.43,13.64,55002000,1363830000
13-12-2017,15.23,15.62,13.5,13.65,75995504,1364700000
12-12-2017,11.23,15.2,10.89,14.86,103848000,1486420000
11-12-2017,9.73,11.33,9.65,11.22,74140496,1122240000
10-12-2017,8.76,10.46,7.6,9.76,57336900,976156000
09-12-2017,8.41,9.87,7.86,8.72,47394900,872146000
08-12-2017,8.71,8.73,7.43,8.4,45781100,839558000
07-12-2017,8.52,9.5,8.01,8.52,61751500,851579000
06-12-2017,7.38,8.43,6.93,8.43,52074900,843377000
05-12-2017,6.69,7.68,6.62,7.43,40875800,742601000
04-12-2017,6.21,6.69,6.03,6.69,30419300,668990000
03-12-2017,6.09,6.6,5.84,6.2,33036700,619872000
02-12-2017,5.79,6.43,5.75,6.11,30325700,611130000
01-12-2017,4.84,5.8,4.61,5.8,26090100,580475000
30-11-2017,5.23,5.33,4.39,4.88,25549500,487903000
29-11-2017,5.91,6.16,4.97,5.17,30996500,516666000
28-11-2017,5.62,5.93,5.56,5.93,26201500,592932000
27-11-2017,5.67,5.78,5.48,5.65,25029600,565404000
26-11-2017,5.36,5.79,5.35,5.68,25667300,568492000
25-11-2017,5.22,5.37,5.13,5.35,20520600,534900000
24-11-2017,5.19,5.27,5.03,5.23,22424900,522839000
23-11-2017,5.29,5.34,5.18,5.19,21305100,518966000
22-11-2017,5.2,5.57,5.16,5.29,26343100,529398000
21-11-2017,5.26,5.28,4.99,5.19,23353900,518724000
20-11-2017,5.13,5.42,5.06,5.27,22272000,527312000
19-11-2017,5.28,5.47,5.02,5.12,20869400,512212000
18-11-2017,4.77,5.42,4.65,5.3,26020400,529776000
17-11-2017,4.75,4.97,4.61,4.78,18777000,477770000
16-11-2017,5.07,5.1,4.71,4.76,24087100,475623000
15-11-2017,5.05,5.27,4.8,5.05,25851400,504601000
14-11-2017,4.4,5.09,4.38,5.03,19374900,503347000
13-11-2017,3.69,4.48,3.69,4.4,12493200,439610000
12-11-2017,4.1,4.13,3.57,3.7,12279900,369647000
11-11-2017,4.23,4.46,4.04,4.12,12304600,411837000
10-11-2017,4.92,5.03,4.09,4.24,14425500,423782000
09-11-2017,4.51,5.22,4.47,4.91,20982300,490608000
08-11-2017,3.68,4.82,3.67,4.5,20540000,450443000
07-11-2017,3.52,3.72,3.42,3.69,11312200,369481000
06-11-2017,3.46,3.65,3.36,3.52,12291000,352395000
05-11-2017,3.61,3.62,3.39,3.45,9798490,345389000
04-11-2017,3.65,3.79,3.44,3.62,11619500,362276000
03-11-2017,3.21,3.97,3.02,3.68,14090800,368268000
02-11-2017,2.92,3.95,2.65,3.19,14949200,318643000
01-11-2017,3.23,3.23,2.67,2.89,11933800,289380000
31-10-2017,3.47,3.5,3.17,3.24,9895450,323695000
30-10-2017,3.55,3.61,3.43,3.48,8523780,348342000
29-10-2017,3.46,3.64,3.45,3.54,9046840,353564000
28-10-2017,3.54,3.6,3.45,3.46,8103840,345890000
27-10-2017,3.62,3.68,3.52,3.54,6714780,354318000
26-10-2017,3.72,3.79,3.54,3.62,8321870,362219000
25-10-2017,3.76,3.77,3.48,3.7,8533500,369993000
24-10-2017,3.67,3.98,3.59,3.76,8703160,375930000
23-10-2017,3.58,3.71,3.35,3.67,8621370,367140000
22-10-2017,3.58,3.66,3.47,3.58,8491900,358151000
21-10-2017,3.64,3.76,3.43,3.58,10666600,358129000
20-10-2017,3.89,3.97,3.63,3.66,10830100,366335000
19-10-2017,4.04,4.12,3.8,3.89,8840030,389243000
18-10-2017,3.93,4.1,3.66,4.04,7283440,404389000
17-10-2017,4.04,4.05,3.84,3.92,4954490,392249000
16-10-2017,3.8,4.14,3.65,4.02,4972740,401782000
15-10-2017,4.01,4.02,3.68,3.8,4384340,380122000
14-10-2017,3.98,4.09,3.81,4.0,5190930,400217000
13-10-2017,3.69,4.03,3.59,3.97,6777070,397377000
12-10-2017,4.18,4.2,3.69,3.69,6289170,368573000
11-10-2017,4.11,4.41,4.08,4.18,7296340,417599000
10-10-2017,4.11,4.26,3.92,4.12,5675270,411881000
09-10-2017,4.44,4.63,4.01,4.13,6698160,413093000
08-10-2017,5.01,5.04,4.44,4.44,7717430,444114000
07-10-2017,4.96,5.04,4.91,5.02,6760300,502231000
06-10-2017,4.97,5.1,4.91,4.97,6574960,497198000
05-10-2017,4.92,5.04,4.76,4.97,6804000,496822000
04-10-2017,4.74,5.08,4.71,4.91,8679860,491363000
03-10-2017,4.87,5.0,4.67,4.73,6975040,473209000
02-10-2017,4.97,4.98,4.81,4.85,7422400,485045000
01-10-2017,5.03,5.05,4.84,4.97,8233020,497468000
30-09-2017,4.93,5.2,4.93,5.04,7480680,503661000
29-09-2017,4.77,5.04,4.39,4.93,8515820,492945000
28-09-2017,5.17,5.17,4.73,4.78,8795790,477678000
27-09-2017,4.77,5.19,4.77,5.17,11447500,516734000
26-09-2017,4.23,4.86,4.23,4.79,7713420,478970000
25-09-2017,3.97,4.3,3.92,4.23,5218940,422800000
24-09-2017,3.97,3.98,3.8,3.97,5012110,396756000
23-09-2017,3.76,3.99,3.71,3.97,4950050,396768000
22-09-2017,3.65,3.84,3.56,3.77,2723740,376547000
21-09-2017,4.05,4.08,3.57,3.64,2914710,364382000
20-09-2017,4.14,4.29,3.96,4.07,3910370,407386000
19-09-2017,4.36,4.38,4.0,4.16,3403370,415559000
18-09-2017,3.64,4.4,3.64,4.34,4080300,434185000
17-09-2017,3.77,3.81,3.49,3.64,3406720,364448000
16-09-2017,3.77,3.9,3.49,3.76,4499490,375563000
15-09-2017,3.12,3.94,2.8,3.78,6270110,378284000
14-09-2017,3.95,4.05,3.09,3.09,4470510,308913000
13-09-2017,4.36,4.36,3.75,3.95,4928930,394639000
12-09-2017,4.35,4.61,4.26,4.38,5306860,437728000
11-09-2017,4.44,4.57,4.16,4.35,4908140,434535000
10-09-2017,4.45,4.58,3.99,4.41,5469690,440792000
09-09-2017,4.51,4.59,4.37,4.46,5406880,445525000
08-09-2017,4.99,5.03,4.28,4.5,5899500,450343000
07-09-2017,5.1,5.13,4.9,4.98,6353830,498367000
06-09-2017,4.99,5.41,4.93,5.16,6069650,515773000
05-09-2017,4.68,5.1,4.32,4.98,6194560,497939000
04-09-2017,5.2,5.21,4.24,4.66,8324540,466003000
03-09-2017,5.27,5.5,4.99,5.2,5174780,519635000
02-09-2017,5.78,5.87,5.07,5.23,6608910,523429000
01-09-2017,5.95,6.1,5.72,5.74,9556080,573831000
31-08-2017,5.47,5.94,5.38,5.94,9471090,594283000
30-08-2017,5.44,5.49,5.13,5.48,6659820,548166000
29-08-2017,5.27,5.47,5.13,5.45,7581710,545102000
28-08-2017,5.22,5.41,5.02,5.26,7208780,526138000
27-08-2017,5.34,5.51,5.18,5.23,7212980,522569000
26-08-2017,5.28,5.74,5.11,5.32,9123230,531835000
25-08-2017,5.02,5.46,4.94,5.27,9306450,527035000
24-08-2017,4.63,5.02,4.55,5.02,3537820,502125000
23-08-2017,4.49,4.82,4.44,4.6,2989630,459839000
22-08-2017,4.38,4.74,3.81,4.46,3358640,445995000
21-08-2017,4.85,4.88,4.33,4.39,4064960,439066000
20-08-2017,4.43,4.92,4.29,4.86,4519570,486464000
19-08-2017,4.3,4.45,4.1,4.43,3801000,442835000
18-08-2017,4.57,4.73,4.1,4.3,2588840,429979000
17-08-2017,4.81,4.95,4.46,4.58,2609230,457741000
16-08-2017,4.8,4.96,4.58,4.83,2607640,483426000
15-08-2017,4.73,5.16,4.31,4.79,5107560,479056000
14-08-2017,4.83,5.04,4.54,4.72,5089710,472488000
13-08-2017,5.05,5.28,4.63,4.79,5823330,478846000
12-08-2017,5.58,5.58,4.89,5.05,6782250,505182000
11-08-2017,5.6,5.78,5.13,5.54,7567900,553710000
10-08-2017,5.24,5.63,5.15,5.6,7501860,559709000
09-08-2017,5.38,5.45,4.9,5.27,4960110,526773000
08-08-2017,5.64,5.83,5.04,5.41,6867910,541090000
07-08-2017,5.18,5.75,4.62,5.64,7792050,563513000
06-08-2017,4.32,5.37,4.29,5.21,7075590,520620000
05-08-2017,3.67,4.57,3.65,4.32,4831480,431960000
04-08-2017,3.87,4.13,3.59,3.67,4324800,367420000
03-08-2017,3.54,3.96,3.46,3.84,4766700,384409000
02-08-2017,3.02,3.6,2.96,3.51,3739710,350913000
01-08-2017,2.77,3.11,2.61,3.01,3257400,301355000
31-07-2017,2.74,2.87,2.62,2.78,2651760,277770000
30-07-2017,2.87,2.93,2.72,2.72,1530680,271809000
29-07-2017,2.98,3.06,2.69,2.87,2116910,286805000
28-07-2017,2.76,3.11,2.45,3.0,3030820,300130000
27-07-2017,2.74,2.84,2.6,2.75,1889170,275042000
26-07-2017,2.92,2.99,2.5,2.74,3013790,273860000
25-07-2017,3.52,3.56,2.76,2.91,2462600,291418000
24-07-2017,3.65,3.71,3.39,3.52,1813130,351909000
23-07-2017,3.9,3.97,3.5,3.65,2608730,364768000
22-07-2017,3.24,4.17,3.23,3.9,3246480,390339000
21-07-2017,3.26,3.44,3.13,3.24,2167520,324160000
20-07-2017,2.61,3.43,2.61,3.25,2164540,324909000
19-07-2017,2.83,2.87,2.53,2.64,2096680,263509000
18-07-2017,2.52,2.95,2.38,2.83,2325000,283422000
17-07-2017,1.97,2.52,1.94,2.52,1909110,251830000
16-07-2017,2.01,2.06,1.77,1.97,1677160,197257000
15-07-2017,2.43,2.43,1.98,2.04,2860750,204242000
14-07-2017,2.89,2.89,2.33,2.43,2439500,242924000
13-07-2017,3.05,3.09,2.72,2.9,1734160,289978000
12-07-2017,2.59,3.05,2.42,3.05,1930340,305149000
11-07-2017,2.79,2.96,2.49,2.59,3152450,259005000
10-07-2017,3.74,3.76,2.73,2.82,2638830,281941000
09-07-2017,3.92,3.94,3.75,3.75,1225380,374991000
08-07-2017,3.79,3.93,3.5,3.93,1412280,392766000
07-07-2017,4.33,4.36,3.71,3.77,2631630,377156000
06-07-2017,4.58,4.65,4.24,4.34,2939230,434169000
05-07-2017,4.32,4.79,4.28,4.56,5733020,455852000
04-07-2017,3.79,4.49,3.75,4.32,5214290,431857000
03-07-2017,3.61,3.87,3.48,3.81,2625710,380923000
02-07-2017,3.7,3.71,3.51,3.62,2239090,362347000
01-07-2017,3.57,4.08,3.53,3.7,2615170,369784000
30-06-2017,3.95,3.97,3.51,3.57,2036280,356924000
29-06-2017,4.24,4.28,3.9,3.91,1639660,390558000
28-06-2017,4.31,4.34,4.03,4.24,2772690,424212000
27-06-2017,3.95,4.31,3.66,4.29,2439380,428838000
26-06-2017,4.64,4.65,3.53,3.83,6562970,382527000
25-06-2017,4.88,4.96,4.45,4.62,3048820,462485000
24-06-2017,5.21,5.34,4.73,4.86,2400890,485943000
23-06-2017,4.91,5.36,4.81,5.21,2166710,520714000
22-06-2017,4.91,5.05,4.8,4.92,2058720,492012000
21-06-2017,5.06,5.12,4.87,4.89,2505130,488991000
20-06-2017,5.15,5.33,4.93,5.07,3440970,507208000
19-06-2017,5.02,5.3,4.93,5.15,3298260,514878000
18-06-2017,5.17,5.33,4.98,4.99,1459430,498613000
17-06-2017,5.16,5.38,5.03,5.18,2057140,517555000
16-06-2017,5.28,5.42,4.95,5.16,1920540,516436000
15-06-2017,5.09,5.36,4.34,5.28,3132730,527503000
14-06-2017,5.82,6.0,4.99,5.09,2377380,508815000
13-06-2017,5.33,5.86,5.23,5.77,2666350,577156000
12-06-2017,6.31,6.49,4.94,5.36,2913670,536448000
11-06-2017,5.67,6.4,5.63,6.32,2939820,632091000
10-06-2017,6.34,7.01,5.5,5.82,5124700,582306000
09-06-2017,5.82,7.0,5.74,6.34,3963370,634240000
08-06-2017,5.29,5.92,5.09,5.82,2984740,582078000
07-06-2017,5.48,5.48,4.86,5.27,2448950,526536000
06-06-2017,5.69,5.69,4.94,5.51,4467540,550969000
05-06-2017,5.33,5.69,5.24,5.64,3095220,564315000
04-06-2017,5.16,5.58,4.44,5.35,4447070,534606000
03-06-2017,4.69,6.51,4.61,5.19,10124100,518762000
02-06-2017,3.4,4.64,3.4,4.53,4988350,452611000
01-06-2017,2.94,3.53,2.93,3.44,3224130,344394000
31-05-2017,2.43,3.08,2.39,2.95,2233740,295222000
30-05-2017,2.7,2.76,2.38,2.38,2066020,238400000
29-05-2017,2.48,2.76,2.27,2.68,1475750,267922000
28-05-2017,2.26,2.74,2.26,2.47,1273880,246542000
27-05-2017,2.49,2.61,1.74,2.25,2019910,224633000
26-05-2017,2.35,2.95,2.33,2.49,1994070,248643000
25-05-2017,2.83,2.95,2.29,2.36,2280980,236120000
24-05-2017,2.64,3.07,2.51,2.75,2549760,274690000
23-05-2017,1.88,2.75,1.88,2.57,3640250,256878000
22-05-2017,1.77,1.98,1.75,1.87,1696230,186765000
21-05-2017,1.64,1.79,1.64,1.77,1498620,176811000
20-05-2017,1.57,1.65,1.49,1.64,1019880,163897000
19-05-2017,1.39,1.61,1.37,1.57,1423940,157419000
18-05-2017,1.28,1.4,1.28,1.38,912823,138445000
17-05-2017,1.27,1.43,1.25,1.34,1348780,134449000
16-05-2017,1.42,1.42,1.24,1.26,1209240,125551000
15-05-2017,1.37,1.46,1.32,1.4,1664930,140072000
14-05-2017,1.19,1.42,1.19,1.37,2176080,137143000
13-05-2017,1.11,1.21,1.07,1.19,1559600,119113000
12-05-2017,1.22,1.26,0.799024,1.11,1006640,110826000
11-05-2017,1.21,1.33,1.15,1.2,1606360,120356000
10-05-2017,0.910802,1.36,0.904453,1.2,2897830,120494000
09-05-2017,0.830627,1.11,0.815311,0.917445,845264,91744500
08-05-2017,0.800956,0.853055,0.765106,0.818904,620587,81890400
07-05-2017,0.767301,0.843241,0.752029,0.789317,689834,78931700
06-05-2017,0.733379,0.815748,0.716798,0.798015,526869,79801500
05-05-2017,0.718197,0.782981,0.713954,0.732555,500678,73255500
04-05-2017,0.669921,0.751036,0.66586,0.715918,450198,71591800
03-05-2017,0.622717,0.675319,0.599816,0.669789,443313,66978900
02-05-2017,0.597314,0.6223,0.566792,0.6223,319906,62230000
01-05-2017,0.599764,0.630785,0.581609,0.597523,363535,59752300
30-04-2017,0.584291,0.61952,0.577786,0.593739,265313,59373900
29-04-2017,0.602079,0.624092,0.572405,0.58611,334335,58611000
28-04-2017,0.559614,0.600954,0.529378,0.600954,377319,60095400
27-04-2017,0.558109,0.571005,0.526808,0.559958,350409,55995800
26-04-2017,0.549625,0.579819,0.545577,0.557545,407189,55754500
25-04-2017,0.562252,0.577594,0.530378,0.549486,484929,54948600
24-04-2017,0.563522,0.61486,0.541515,0.562138,681177,56213800
23-04-2017,0.473141,0.559936,0.473141,0.559936,479973,55993600
22-04-2017,0.460812,0.489511,0.456272,0.478201,195745,47820100
21-04-2017,0.461387,0.471075,0.444341,0.4605,180213,46050000
20-04-2017,0.457924,0.478858,0.439249,0.457231,302686,45723100
19-04-2017,0.431306,0.4588,0.421073,0.457649,379471,45764900
18-04-2017,0.445136,0.46271,0.427708,0.431094,257694,43109400
17-04-2017,0.432989,0.569558,0.418365,0.444683,313608,44468300
16-04-2017,0.426076,0.43918,0.41877,0.432685,96846,43268500
15-04-2017,0.429279,0.45149,0.415093,0.425766,211117,42576600
14-04-2017,0.437399,0.439311,0.414465,0.429333,131218,42933300
13-04-2017,0.419051,0.437475,0.407009,0.437049,200220,43704900
12-04-2017,0.447296,0.456914,0.41595,0.418725,373385,41872500
11-04-2017,0.414604,0.451126,0.413837,0.447008,266946,44700800
10-04-2017,0.392784,0.427879,0.382493,0.414832,259204,41483200
09-04-2017,0.380948,0.402589,0.380195,0.392766,190894,39276600
08-04-2017,0.385098,0.392065,0.378961,0.380812,142979,38081200
07-04-2017,0.399457,0.400531,0.385907,0.38624,305879,38624000
06-04-2017,0.417807,0.417807,0.39249,0.400497,260516,40049700
05-04-2017,0.370886,0.417769,0.364375,0.417318,379711,41731800
04-04-2017,0.383605,0.385438,0.362827,0.370456,204891,37045600
03-04-2017,0.343736,0.386078,0.343736,0.383308,279890,38330800
02-04-2017,0.350045,0.370202,0.344632,0.344632,351514,34463200
01-04-2017,0.376644,0.380867,0.347324,0.350208,312547,35020800
31-03-2017,0.381456,0.393676,0.360378,0.376973,274899,37697300
30-03-2017,0.402779,0.409678,0.361227,0.381375,346511,38137500
29-03-2017,0.374042,0.403952,0.361859,0.401914,297157,40191400
28-03-2017,0.358403,0.376971,0.338538,0.374437,229631,37443700
27-03-2017,0.322498,0.388574,0.319586,0.361338,288109,36133800
26-03-2017,0.296388,0.331441,0.293033,0.318849,230424,31884900
25-03-2017,0.280876,0.302105,0.274906,0.301237,270956,30123700
24-03-2017,0.272689,0.280473,0.256621,0.280473,263578,28047300
23-03-2017,0.275336,0.278885,0.265831,0.27272,144537,27272000
22-03-2017,0.290401,0.293072,0.266216,0.272987,161794,27298700
21-03-2017,0.283693,0.294162,0.278371,0.290301,169660,29030100
20-03-2017,0.283642,0.289737,0.262839,0.284629,157842,28462900
19-03-2017,0.263923,0.29801,0.249029,0.278302,184119,27830200
18-03-2017,0.267754,0.293936,0.261564,0.261998,230859,26199800
17-03-2017,0.310492,0.312802,0.267556,0.268144,212021,26814400
16-03-2017,0.301281,0.31802,0.282742,0.310488,236331,31048800
15-03-2017,0.25536,0.315697,0.253191,0.304406,399122,30440600
14-03-2017,0.271487,0.288021,0.252472,0.253599,209764,25359900
13-03-2017,0.257629,0.291214,0.252272,0.2724,691705,27240000
12-03-2017,0.218868,0.27365,0.218868,0.256818,1056330,25681800
11-03-2017,0.19919,0.219794,0.19826,0.219194,169005,21919400
10-03-2017,0.205773,0.216642,0.188422,0.199242,189922,19924200
09-03-2017,0.195629,0.213851,0.193981,0.205576,239611,20557600
08-03-2017,0.214018,0.214783,0.195051,0.195051,199352,19505100
07-03-2017,0.238997,0.24684,0.213932,0.214041,249683,21404100
06-03-2017,0.2274,0.254325,0.221468,0.239479,316545,23947900
05-03-2017,0.195634,0.240424,0.195244,0.22879,104482,22879000
04-03-2017,0.202559,0.207228,0.194263,0.195779,35096,19577900
03-03-2017,0.188894,0.205388,0.187257,0.202294,54215,20229400
02-03-2017,0.19598,0.196723,0.184484,0.188478,121697,18847800
01-03-2017,0.195773,0.204338,0.187515,0.196167,76347,19616700
28-02-2017,0.222308,0.223652,0.186401,0.195859,180411,19585900
27-02-2017,0.215505,0.224083,0.21423,0.221919,56478,22191900
26-02-2017,0.214944,0.225557,0.211723,0.215897,57827,21589700
25-02-2017,0.220641,0.226877,0.213987,0.214795,78333,21479500
24-02-2017,0.219205,0.227527,0.209458,0.221182,63823,22118200
23-02-2017,0.225702,0.227335,0.217967,0.221672,57350,22167200
22-02-2017,0.219185,0.230045,0.215918,0.225359,45672,22535900
21-02-2017,0.246123,0.249467,0.216913,0.220769,91137,22076900
20-02-2017,0.241112,0.246662,0.229058,0.246662,59416,24666200
19-02-2017,0.245001,0.248385,0.218668,0.240916,90623,24091600
18-02-2017,0.25302,0.255236,0.240745,0.241144,50274,24114400
17-02-2017,0.24964,0.256706,0.245884,0.252515,50195,25251500
16-02-2017,0.244863,0.253635,0.240507,0.247579,60036,24757900
15-02-2017,0.242867,0.267794,0.239555,0.244826,75001,24482600
14-02-2017,0.24728,0.292378,0.235926,0.242459,155975,24245900
13-02-2017,0.249963,0.255616,0.244111,0.247048,16161,24704800
12-02-2017,0.242385,0.255339,0.237445,0.250045,32411,25004500
11-02-2017,0.236772,0.255465,0.235074,0.242829,48287,24282900
10-02-2017,0.248457,0.248457,0.228538,0.236728,29023,23672800
09-02-2017,0.264961,0.275651,0.226939,0.248226,42759,24822600
08-02-2017,0.256042,0.271628,0.251599,0.264578,25869,26457800
07-02-2017,0.264975,0.272827,0.245773,0.255401,41996,25540100
06-02-2017,0.224744,0.268761,0.224695,0.264725,99127,26472500
05-02-2017,0.221326,0.229594,0.210982,0.224531,49044,22453100
04-02-2017,0.229471,0.27844,0.216717,0.220949,58343,22094900
03-02-2017,0.211934,0.238302,0.208672,0.229165,115689,22916500
02-02-2017,0.230837,0.252398,0.20988,0.211941,32076,21194100
01-02-2017,0.225868,0.242263,0.225868,0.234411,24365,23441100
31-01-2017,0.23227,0.239479,0.215932,0.225899,33927,22589900
30-01-2017,0.239089,0.241631,0.23217,0.232355,35015,23235500
29-01-2017,0.244771,0.245076,0.235614,0.239095,53622,23909500
28-01-2017,0.236543,0.245049,0.236543,0.244768,18724,24476800
27-01-2017,0.236286,0.242014,0.235795,0.236538,36451,23653800
26-01-2017,0.234656,0.243566,0.231989,0.239054,40554,23905400
25-01-2017,0.233714,0.239238,0.229818,0.234391,22286,23439100
24-01-2017,0.241708,0.244825,0.233464,0.233617,22123,23361700
23-01-2017,0.249808,0.252383,0.236861,0.240485,37598,24048500
22-01-2017,0.241583,0.256182,0.237679,0.249543,21406,24954300
21-01-2017,0.234779,0.249237,0.234673,0.248517,23460,24851700
20-01-2017,0.235298,0.243083,0.234281,0.234781,7215,23478100
19-01-2017,0.252644,0.257332,0.225879,0.235389,33177,23538900
18-01-2017,0.245127,0.256496,0.225539,0.251703,34180,25170300
17-01-2017,0.236775,0.248973,0.229462,0.244976,36356,24497600
16-01-2017,0.237278,0.268876,0.226471,0.235443,57903,23544300
15-01-2017,0.232277,0.266309,0.219905,0.237287,42740,23728700
14-01-2017,0.218795,0.232582,0.211031,0.23236,33042,23236000
13-01-2017,0.205282,0.219983,0.193755,0.21854,14030,21854000
12-01-2017,0.201159,0.213527,0.190886,0.205409,13289,20540900
11-01-2017,0.224888,0.227626,0.188188,0.201445,29956,20144500
10-01-2017,0.218333,0.226693,0.213599,0.224858,14961,22485800
09-01-2017,0.21377,0.218672,0.204933,0.218432,29743,21843200
08-01-2017,0.217584,0.225252,0.206544,0.213541,18438,21354100
07-01-2017,0.212612,0.226794,0.193454,0.21758,42203,21758000
06-01-2017,0.233647,0.25229,0.185458,0.209126,62838,20912600
05-01-2017,0.241558,0.267572,0.202394,0.233087,28182,23308700
04-01-2017,0.239891,0.258459,0.227535,0.241312,75184,24131200
03-01-2017,0.232669,0.247829,0.219481,0.23993,28997,23993000
02-01-2017,0.221429,0.240444,0.213599,0.232679,37158,23267900
01-01-2017,0.250866,0.252416,0.216586,0.221322,35423,22132200
31-12-2016,0.229221,0.255988,0.225286,0.250915,48047,25091500
30-12-2016,0.209097,0.234272,0.198459,0.229198,26185,22919800
29-12-2016,0.184368,0.213055,0.183166,0.209107,49410,20910700
28-12-2016,0.187757,0.201053,0.172862,0.184335,52386,18433500
27-12-2016,0.203464,0.204119,0.183441,0.18765,54308,18765000
26-12-2016,0.206292,0.20965,0.190706,0.203346,29712,20334600
25-12-2016,0.185444,0.209727,0.185142,0.203149,26826,20314900
24-12-2016,0.195754,0.201315,0.184017,0.185382,32473,18538200
23-12-2016,0.192078,0.204874,0.189696,0.195658,45692,19565800
22-12-2016,0.194848,0.202327,0.170037,0.192144,73752,19214400
21-12-2016,0.212543,0.212543,0.166089,0.194936,136469,19493600
20-12-2016,0.217354,0.223238,0.202694,0.215132,70993,21513200
19-12-2016,0.228585,0.232416,0.216721,0.217514,39801,21751400
18-12-2016,0.239889,0.247294,0.217304,0.228503,21916,22850300
17-12-2016,0.244466,0.245191,0.229827,0.239883,18214,23988300
16-12-2016,0.221172,0.25122,0.221172,0.244364,31752,24436400
15-12-2016,0.221062,0.227735,0.217328,0.221215,15290,22121500
14-12-2016,0.233616,0.233767,0.21785,0.220986,25330,22098600
13-12-2016,0.228833,0.234383,0.222732,0.233896,18928,23389600
12-12-2016,0.228827,0.237223,0.222623,0.228836,40733,22883600
11-12-2016,0.232955,0.235504,0.222893,0.228768,20208,22876800
10-12-2016,0.23501,0.239101,0.230247,0.232927,9008,23292700
09-12-2016,0.236414,0.239383,0.231298,0.23304,18126,23304000
08-12-2016,0.244352,0.245671,0.232196,0.23646,23638,23646000
07-12-2016,0.232522,0.245706,0.225969,0.244357,26844,24435700
06-12-2016,0.231252,0.235889,0.219457,0.232497,38582,23249700
05-12-2016,0.235707,0.238281,0.227388,0.23124,33659,23124000
04-12-2016,0.247453,0.248232,0.234507,0.237717,51360,23771700
03-12-2016,0.246223,0.254039,0.233871,0.239607,43557,23960700
02-12-2016,0.246144,0.257214,0.235119,0.24616,53633,24616000
01-12-2016,0.252796,0.264845,0.240949,0.245879,38650,24587900
30-11-2016,0.259694,0.266238,0.23751,0.252707,69225,25270700
29-11-2016,0.309466,0.311222,0.26237,0.26237,129518,26237000
28-11-2016,0.257468,0.309542,0.232103,0.309469,94741,30946900
27-11-2016,0.217183,0.269637,0.20208,0.257451,72829,25745100
26-11-2016,0.233087,0.236042,0.20151,0.217379,102524,21737900
25-11-2016,0.261308,0.261411,0.231912,0.233079,52721,23307900
24-11-2016,0.272892,0.278052,0.222907,0.259016,140550,25901600
23-11-2016,0.278871,0.282579,0.267595,0.272901,38300,27290100
22-11-2016,0.288726,0.293075,0.26369,0.278878,75607,27887800
21-11-2016,0.277276,0.296858,0.26984,0.288821,77955,28882100
20-11-2016,0.307578,0.308293,0.266894,0.277263,100018,27726300
19-11-2016,0.297404,0.325296,0.274938,0.294224,164366,29422400
18-11-2016,0.324682,0.342768,0.251798,0.297482,308090,29748200
17-11-2016,0.332274,0.350919,0.319432,0.325359,164967,32535900
16-11-2016,0.357755,0.370819,0.323317,0.332264,200041,33226400
15-11-2016,0.380376,0.381406,0.326087,0.357763,236251,35776300
14-11-2016,0.390318,0.403339,0.367982,0.380149,168500,38014900
13-11-2016,0.400946,0.402169,0.371146,0.39035,125585,39035000
12-11-2016,0.376225,0.401718,0.37464,0.400963,167249,40096300
11-11-2016,0.375612,0.385704,0.365823,0.379701,87279,37970100
10-11-2016,0.369028,0.379294,0.353889,0.375629,136051,37562900
09-11-2016,0.349111,0.378728,0.344728,0.368976,208008,36897600
08-11-2016,0.351722,0.362888,0.346265,0.349219,78647,34921900
07-11-2016,0.368332,0.368332,0.350295,0.351602,102888,35160200
06-11-2016,0.349855,0.368381,0.345516,0.368279,112262,36827900
05-11-2016,0.340519,0.351866,0.335293,0.349872,65271,34987200
04-11-2016,0.346339,0.35131,0.333187,0.340576,90495,34057600
03-11-2016,0.352932,0.355104,0.322087,0.345537,212870,34553700
02-11-2016,0.34587,0.352219,0.333165,0.352219,58897,35221900
01-11-2016,0.327994,0.369402,0.324686,0.345782,129183,34578200
31-10-2016,0.351085,0.357265,0.310256,0.328016,234987,32801600
30-10-2016,0.346716,0.361177,0.336175,0.353743,249473,35374300
29-10-2016,0.337976,0.36512,0.335099,0.346814,255905,34681400
28-10-2016,0.329377,0.353782,0.322169,0.337918,206322,33791800
27-10-2016,0.333538,0.349385,0.304217,0.329201,409265,32920100
26-10-2016,0.35485,0.372511,0.32581,0.333643,515087,33364300
25-10-2016,0.338272,0.359556,0.318386,0.355961,307680,35596100
24-10-2016,0.313694,0.343383,0.289241,0.338372,517981,33837200
23-10-2016,0.275368,0.313654,0.258753,0.31363,324055,31363000
22-10-2016,0.243773,0.29442,0.237765,0.288693,211276,28869300
21-10-2016,0.24055,0.249106,0.238835,0.243799,39153,24379900
20-10-2016,0.249149,0.254709,0.23986,0.240599,75405,24059900
19-10-2016,0.245588,0.275046,0.244553,0.249335,326732,24933500
18-10-2016,0.244298,0.251239,0.238786,0.245576,146243,24557600
17-10-2016,0.2353,0.249218,0.224345,0.244299,177063,24429900
16-10-2016,0.223463,0.252834,0.223463,0.235213,236807,23521300
15-10-2016,0.209689,0.235211,0.207747,0.223403,136396,22340300
14-10-2016,0.205808,0.209679,0.203767,0.209668,76178,20966800
13-10-2016,0.212851,0.212862,0.205273,0.205778,41826,20577800
12-10-2016,0.209567,0.214617,0.206585,0.212963,30333,21296300
11-10-2016,0.20994,0.214636,0.205079,0.209706,85220,20970600
10-10-2016,0.212307,0.21329,0.206992,0.209878,27118,20987800
09-10-2016,0.21253,0.218758,0.210365,0.212259,58742,21225900
08-10-2016,0.203817,0.219439,0.201176,0.21252,50465,21252000
07-10-2016,0.210987,0.219438,0.20022,0.203778,136663,20377800
06-10-2016,0.213054,0.219085,0.202732,0.211073,115933,21107300
05-10-2016,0.211028,0.221884,0.201197,0.213118,236077,21311800
04-10-2016,0.192553,0.212923,0.191543,0.205533,110394,20553300
03-10-2016,0.187457,0.201422,0.187457,0.1927,65785,19270000
02-10-2016,0.18593,0.196948,0.185408,0.196629,27277,19662900
01-10-2016,0.196727,0.20247,0.183754,0.185924,68996,18592400
30-09-2016,0.173184,0.211151,0.166342,0.196706,143538,19670600
29-09-2016,0.173112,0.177495,0.16982,0.173167,42652,17316700
28-09-2016,0.173638,0.176809,0.168299,0.17312,25885,17312000
27-09-2016,0.173455,0.177948,0.167586,0.173631,41339,17363100
26-09-2016,0.174919,0.179164,0.172117,0.173482,36526,17348200
25-09-2016,0.181472,0.18613,0.171925,0.174928,62099,17492800
24-09-2016,0.186618,0.191166,0.17241,0.181455,68776,18145500
23-09-2016,0.196,0.196,0.177327,0.186626,38658,18662600
22-09-2016,0.199532,0.200834,0.178509,0.195984,53944,19598400
21-09-2016,0.215452,0.215452,0.199348,0.199509,127409,19950900
20-09-2016,0.19137,0.218684,0.191135,0.215727,171638,21572700
19-09-2016,0.184662,0.191706,0.181894,0.191414,42683,19141400
18-09-2016,0.179176,0.186652,0.174235,0.186632,55809,18663200
17-09-2016,0.165142,0.18374,0.16301,0.179221,89094,17922100
16-09-2016,0.165596,0.171673,0.162727,0.167791,12703,16779100
15-09-2016,0.173054,0.175911,0.162735,0.1656,43596,16560000
14-09-2016,0.168998,0.177081,0.168611,0.17306,20792,17306000
13-09-2016,0.17135,0.175391,0.165726,0.169045,29377,16904500
12-09-2016,0.160843,0.1719,0.160843,0.171349,39086,17134900
11-09-2016,0.162362,0.168385,0.157313,0.160849,37636,16084900
10-09-2016,0.166811,0.167874,0.16149,0.162375,27087,16237500
09-09-2016,0.162377,0.169259,0.160471,0.166817,33322,16681700
08-09-2016,0.16003,0.16903,0.155566,0.162395,24373,16239500
07-09-2016,0.166464,0.170524,0.158079,0.160031,58305,16003100
06-09-2016,0.170327,0.172534,0.156371,0.166453,68491,16645300
05-09-2016,0.165766,0.17343,0.164555,0.170325,26388,17032500
04-09-2016,0.165345,0.171562,0.160792,0.165639,28552,16563900
03-09-2016,0.171191,0.171552,0.159254,0.165268,54250,16526800
02-09-2016,0.161111,0.173934,0.159991,0.171192,45929,17119200
01-09-2016,0.163984,0.165407,0.15307,0.161095,48630,16109500
31-08-2016,0.158486,0.168586,0.149882,0.163984,59938,16398400
30-08-2016,0.159017,0.159695,0.149698,0.158452,44755,15845200
29-08-2016,0.151853,0.160391,0.145063,0.159015,53334,15901500
28-08-2016,0.162249,0.165235,0.151375,0.158804,35982,15880400
27-08-2016,0.169531,0.170991,0.160414,0.162308,23586,16230800
26-08-2016,0.16798,0.170681,0.161518,0.169513,30915,16951300
25-08-2016,0.170334,0.172009,0.16587,0.16587,26812,16587000
24-08-2016,0.17658,0.176851,0.167782,0.170316,45227,17031600
23-08-2016,0.178452,0.181835,0.169344,0.176581,59064,17658100
22-08-2016,0.174438,0.181184,0.172688,0.178477,67344,17847700
21-08-2016,0.178998,0.179812,0.167525,0.174425,83163,17442500
20-08-2016,0.178402,0.179949,0.173975,0.179004,23310,17900400
19-08-2016,0.175314,0.17989,0.172553,0.178273,33598,17827300
18-08-2016,0.177636,0.18091,0.173157,0.17527,54480,17527000
17-08-2016,0.174594,0.182404,0.171833,0.177487,82779,17748700
16-08-2016,0.173823,0.180306,0.171163,0.17457,66316,17457000
15-08-2016,0.173431,0.177611,0.168769,0.173786,59199,17378600
14-08-2016,0.177615,0.183916,0.167834,0.17343,115312,17343000
13-08-2016,0.182932,0.185391,0.170997,0.175204,109816,17520400
12-08-2016,0.180932,0.188774,0.166554,0.182949,148755,18294900
11-08-2016,0.189045,0.196519,0.178034,0.181023,112529,18102300
10-08-2016,0.173429,0.192979,0.171355,0.189038,115904,18903800
09-08-2016,0.17726,0.17726,0.167421,0.172701,39850,17270100
08-08-2016,0.160835,0.181447,0.156651,0.175236,85297,17523600
07-08-2016,0.172757,0.172757,0.157919,0.160934,51728,16093400
06-08-2016,0.16482,0.172879,0.157423,0.172755,52232,17275500
05-08-2016,0.156632,0.167165,0.150382,0.16482,87961,16482000
04-08-2016,0.144583,0.161843,0.142541,0.151644,78311,15164400
03-08-2016,0.127527,0.159344,0.126624,0.142479,106321,14247900
02-08-2016,0.164905,0.171309,0.122684,0.127242,197250,12724200
01-08-2016,0.172161,0.175615,0.158018,0.158018,79352,15801800
31-07-2016,0.185366,0.186617,0.170575,0.170575,66910,17057500
30-07-2016,0.191747,0.194696,0.183855,0.185351,30568,18535100
29-07-2016,0.176242,0.195024,0.174127,0.191743,52603,19174300
28-07-2016,0.182168,0.195806,0.170355,0.176222,79472,17622200
27-07-2016,0.173306,0.201714,0.160178,0.18213,211513,18213000
26-07-2016,0.202035,0.206354,0.171409,0.173442,199906,17344200
25-07-2016,0.20216,0.211934,0.193596,0.201996,115927,20199600
24-07-2016,0.201416,0.207514,0.192366,0.202169,136512,20216900
23-07-2016,0.191232,0.207658,0.191004,0.201458,48054,20145800
22-07-2016,0.206324,0.214123,0.19099,0.191196,102240,19119600
21-07-2016,0.211095,0.218892,0.203207,0.206353,93206,20635300
20-07-2016,0.209238,0.219466,0.207859,0.211235,70378,21123500
19-07-2016,0.224835,0.229331,0.201258,0.209255,168579,20925500
18-07-2016,0.197136,0.226103,0.195839,0.217987,132592,21798700
17-07-2016,0.193859,0.200658,0.189954,0.197031,60718,19703100
16-07-2016,0.205082,0.208358,0.191542,0.193542,36851,19354200
15-07-2016,0.196625,0.210447,0.188917,0.204921,115159,20492100
14-07-2016,0.193206,0.20317,0.181674,0.196309,154375,19630900
13-07-2016,0.199736,0.211846,0.193641,0.193641,103542,19364100
12-07-2016,0.216897,0.216977,0.197032,0.199753,136972,19975300
11-07-2016,0.218048,0.219266,0.207751,0.216697,88437,21669700
10-07-2016,0.224557,0.224557,0.203794,0.218331,88774,21833100
09-07-2016,0.193691,0.22898,0.190734,0.221057,106202,22105700
08-07-2016,0.233187,0.235791,0.175018,0.193728,203189,19372800
07-07-2016,0.228292,0.235936,0.215656,0.229901,268443,22990100
06-07-2016,0.21995,0.239176,0.20964,0.228037,218669,22803700
05-07-2016,0.225309,0.226514,0.20258,0.220016,225635,22001600
04-07-2016,0.192834,0.220483,0.189336,0.22048,301807,22048000
03-07-2016,0.180746,0.208869,0.161257,0.192793,334447,19279300
02-07-2016,0.144975,0.201825,0.138431,0.180402,261410,18040200
01-07-2016,0.139274,0.151516,0.130633,0.144888,233053,14488800
30-06-2016,0.143232,0.159229,0.135652,0.139444,311148,13944400
29-06-2016,0.146568,0.16607,0.139438,0.145139,234893,14513900
28-06-2016,0.1741,0.178462,0.142232,0.145641,228770,14564100
27-06-2016,0.170007,0.178653,0.157636,0.175187,169379,17518700
26-06-2016,0.204783,0.205153,0.150026,0.165977,328673,16597700
25-06-2016,0.193498,0.243791,0.189895,0.201881,412951,20188100
24-06-2016,0.199983,0.218997,0.180431,0.195036,715427,19503600
23-06-2016,0.191379,0.205271,0.172964,0.199471,530030,19947100
22-06-2016,0.230252,0.234911,0.176512,0.188528,878411,18852800
21-06-2016,0.289209,0.292218,0.217718,0.230596,626728,23059600
20-06-2016,0.604243,0.604243,0.22705,0.289737,1771960,28973700
19-06-2016,0.665885,0.745494,0.456124,0.60376,112349,
18-06-2016,0.898507,1.1,0.309397,0.66548,173575,
17-06-2016,0.930645,1.0,0.78759,0.899224,42058,
16-06-2016,0.956326,1.18,0.927815,0.928007,43879,
15-06-2016,0.911755,1.1,0.82438,0.953506,41509,
14-06-2016,1.32,1.32,0.801999,0.911588,51762,
13-06-2016,1.22,1.65,1.07,1.32,79492,
12-06-2016,1.37,1.68,1.12,1.22,40759,
11-06-2016,1.56,1.6,1.1,1.37,34845,
10-06-2016,1.41,1.61,1.22,1.56,63162,
09-06-2016,1.02,1.64,1.01,1.41,27163,
08-06-2016,0.836892,1.02,0.831662,1.02,56105,
07-06-2016,0.768551,1.08,0.768537,0.836066,45932,
06-06-2016,0.712541,1.17,0.712541,0.768672,95573,
05-06-2016,0.587588,1.11,0.580745,0.713006,41700,
04-06-2016,1.09,1.29,0.575898,0.586993,4912,
03-06-2016,1.29,1.66,0.727579,1.09,57721,
02-06-2016,1.33,1.39,1.14,1.21,83734,
